title,level
[속보] 화성시 팔탄면 율암리 현대한식부페 방문자 검사 요청,0
[속보] 화성시청 현대한식부페(팔탄면 서해로1121번길 11) 방문자 중 유증상시 코로나19 검사 요청,0
"세계은행, 내달까지 40개 개도국에 백신 자금 20억달러 지원",0
美일부 주 J&J백신 중단…유럽의약품청 혈전사례 검토,0
군내 코로나19 확진자 2명 추가…누적 673명,0
비수도권 확산세 여전…부산·전북 등 곳곳 집단감염,0
"문 대통령, 코로나19 방역 대책회의 긴급 소집",0
트럼프 기조 확 바꾼 '바이든 예산안'…교육·복지·환경 확대,0
백신 1차 접종 총 114만 8천60명…인구 대비 2.21%,0
"AZ 백신, 희귀혈전 인과관계 가능성…국내외 접종 '잠정중단'",0
[코로나19] 전국 사우나·학원·유흥주점 집단감염,0
"포항시, 75세 이상 어르신 예방접종 순항 북구도 성공적 시작",0
[속보] 화이자 접종 80대·아스트라 접종 90대 사망 신고… 인과관계는 미확인,0
"신규 확진 677명…""3차 유행 본격화 시기와 유사""",0
백신 1차 접종 총 114만8060명…인구 대비 2.21%,0
[속보] 당진시청 10일 308~322번째 확진자 15명 발생 알려,0
사우나·음악학원·노래방 등서 집단감염 속출… 부산 유흥주점 누적 362명,0
"오세훈 ""서울시 차원서 공동주택 공시가 재조사 추진 지시""",0
"'슈돌' 합류 사유리, 유튜브 잠정 중단 ""좋은 모습으로 돌아올 것""",0
"횡성군립도서관, 도서관 주간 다채로운 행사 마련",0
"횡성군립도서관, 도서관 주간 다채로운 행사 마련",0
AZ 우려 큰데… 얀센도 혈전 연관성 논란,0
부산 사상구 업체 집단감염...46명 추가 확진,0
"오세훈 ""서울형 방역 매뉴얼, 다음주 초 정부와 협의 가시화""",0
"[포토]'미스트롯2' 윤희, 봄을 닮은 화사함",0
[2021 JOY트레킹] 오은선과 함께 희망찾기…봄 만끽 힐링 트레킹 성료(종합),0
"[포토]'미스트롯2' 윤희, 홍보대사의 건강한 미소",0
"화이자, 美 FDA에 12~15세 백신 긴급 사용 승인 요청",0
봄나들이 인파 몰려든 공항...방역 지침 지켜질까 우려,0
‘파이어족’ 진짜 있네… 투자로 35억 벌어 “29살에 회사 그만뒀어요”,0
"[속보] 곡성군청 석곡우리들내과, 석곡광주약국, 석곡대황한우식당 방문자 검사 요청",0
"오세훈 ""공시가 재조사 추진… 정부와 동결 협의""",0
[코로나19 부산브리핑] 4월 10일 질의응답,0
"영화 '미나리' 러시아서 개봉, '기생충'흥행 이어나갈지 주목",0
"文대통령, 방역·경제 챙긴다…릴레이 회의 소집",0
"오세훈, 서울시 공시가 재조사 추진… “정부와 동결 협의할 것”",0
오후 들어 북적이는 공원…곳곳 방역의식 느슨,0
"[포토]'미스트롯2' 윤희, 미녀가수와 등산·트레킹을~",0
"[포토]윤희, '희망찾기 등산·트레킹 교실' 상큼 홍보대사~",0
"[포토]'미스트롯2' 윤희, 러블리 미소",0
"한국교총-한국교원교육학회-한국교육학술정보원, '교원 초상권‧지적재산권‧개인정보 보호' 공동포럼 개최",0
"WHO ""AZ 백신 이익이 부작용 위험 능가""...한국도 접종 재개할 듯",0
"""가장 시급한 현안은 코로나19 극복...행정력 집중할 것""",0
"[포토]'미스트롯2' 윤희, '미녀 홍보대사'",0
코로나19 중대본 회의 주재하는 전해철 제2차장,0
코로나19 중대본 회의 주재하는 전해철 제2차장,0
코로나19 중대본 회의 주재하는 전해철 제2차장,0
[Who Is] 엘리자베스 여왕의 힘과 버팀목..필립공 99세로 별세,0
중대본 회의 주재하는 전해철 제2차장,0
발언하는 전해철 중대본 제2차장,0
발언하는 전해철 중대본 제2차장,0
코로나19 중대본 회의 주재하는 전해철 제2차장,0
송도국제도시 애니오션 분양…삼성 등 장기임차 계약,0
오세훈 시장 “공시가 재조사 추진…방역대책도 정부와 협의”,0
"오세훈 시장 ""공시가 재조사해 정부와 동결 협의 추진""",0
"[양터뷰] 코트를 정복한 스탠퍼드 석사, 러츠와 나눈 30가지 TMI 수다",0
"세계은행, 40개 개도국에 백신 자금 20억달러 지원",0
"의성군, 영세 소상공인 카드수수료 지원사업 실시",0
충남 코로나19 신규 확진자 15명…당진·부여 '긴장 속',0
코로나19 중대본회의,0
중대본회의 주재하는 전해철 장관,0
"오세훈, 공시지가에 메스…""정부와 급격한 인상 막도록 협의""",0
코로나19 중대본회의,0
"전해철 장관, 코로나19 중대본회의 주재",0
"오세훈 시장 ""서울 공시가 재조사해 정부와 동결 협의""",0
"전해철 장관, 코로나19 중대본회의 주재",0
코로나19 중대본회의,0
"이틀 연속 6백 명대 후반...""12월 초와 유사한 상황""",0
"[포토]오은선 대장-박겸수 강북구청장, '클린&그린 마운틴'",0
"캘리포니아 주지사, LA 한인회 방문… ""증오범죄 용납 못 해""",0
"원주시민공감연대·지정면이장협의회, 환경정화활동 펼쳐",0
"[포토]오은선 대장-박겸수 강북구청장, '우이령길을 깨끗하게'",0
[포토]기념 촬영하는 산악인 오은선-홍보대사 가수 윤희,0
오세훈 시장 “공동주택 공시가 지나치게 올라… 재조사 추진하겠다”,0
"[포토]오은선 대장X윤희, '희망찾기 등산·트레킹 교실' 엄지척!",0
[포토]자연보호 실천하는 오은선 대장-박겸수 강북구청장,0
[전문] 오산시청 385번째 확진자 발생,0
"[포토]'미스트롯2' 윤희, 노래로 분위기 UP 홍보대사의 품격~",0
"[포토]'미스트롯2' 윤희, 흥 돋우는 노래 한소절~",0
"강기윤 ""국가·지자체 근로자, 코로나 백신 등 접종 후 휴가보장""",0
"강기윤 ""국가·지자체 근로자, 코로나 백신 등 접종 후 휴가보장""",0
인천 코로나19 14명 확진...어린이집 관련 2명 추가,0
"[포토]'미스트롯2' 윤희, 싱그러운 매력",0
"[포토]'미스트롯2' 윤희, '희망찾기 등산·트레킹교실' 홍보대사",0
[포토]'철의 여인' 오은선 대장과 함께하는 '희망찾기 등산·트레킹교실',0
[전문] 시흥시청 10일 833~841번째 확진자 9명 발생 공개,0
제주 늘어나는 상춘객에 코로나 확진자도 증가…7명 확진,0
"세계은행, 내달까지 개도국 40곳에 백신 자금 20억 달러 지원",0
"화창한 날씨 나들이객 증가…""마스크 착용 필수""",0
오산시 4개 도서관 '길 위의 인문학' 수행기관 선정,0
"용인시의회 김기준 의장·김상수 부의장, 코로나19 예방접종센터 현장방문",0
"화창한 날씨 나들이객 증가…""마스크 착용 필수""",0
"[포토]오은선 대장, '코로나19시대의 등산' 강연",0
"""안성시 대규모 반도체 사업장 지리적 중심부 경과원 입지 최적""",0
카리브해 섬 화산 폭발에 주민 1만6천명 대피...42년만에 분화,0
안양시 '6.5% 증가' 제2회 추가경정예산 1조6574억원 제출,0
"[포토]홍성국 의원, '희망찾기 등산·트레킹교실' 참석",0
"[포토]오은선 대장, '희망찾기 등산·트레킹 교실' 함께해요!",0
전북 코로나19 집단감염 지속...이틀 새 34명 확진,0
[포토]'희망찾기 등산·트레킹교실' 특강하는 홍성국 의원,0
"청송군, ‘코로나19’ 극복 소상공인 카드수수료 지원사업 시행",0
"[포토]홍성국 의원, '북한산 지명이야기' 특강",0
[속보] 송파구 석촌동 콘서트호프라이브 방문자 검사 요청,0
[포토]축사하는 김방수 고대산악회 회장,0
"文대통령, 다음주 긴급 특별방역회의·경제장관회의 소집",0
"[2021 JOY트레킹] 홍성국 의원 ""만 50년 동안 북한산 정기 받아, 살기 좋은 곳""",0
"[2021 JOY트레킹] 김방수 고대산악회 회장 ""큰 나무처럼 더욱 번창하길""",0
"문 대통령, 다음주 긴급 특별방역회의ㆍ경제장관회의 소집",0
"코로나19 신규확진자 677명 ""4일째 600명대 후반 이상""...지역발생 662명 중 수도권 412명·비수도권 241명",0
"[2021 JOY트레킹] 홍보대사 윤희 ""코로나 시대, 북한산에서 힐링·위로 받길""",0
오세훈 “市차원서 공시가 재조사…정부와 동결 협의할 것”,0
"[인터뷰360] R&B 여신 '유성은'이 전하는 오디션 꿀 TIP, ""욕심 버리고 무대 집중해야""",0
"[포토]박겸수 강북구청장, 명산 북한산에서 트레킹을",0
[포토]'희망찾기 등산·트레킹 교실' 변기태 한국산악회 회장 격려사,0
이 시각 주요뉴스 (21. 04. 10. 13시),0
엘리자베스 2세 여왕 남편 필립공 별세...전세계 애도,0
유흥업소·고위험시설 연쇄 감염...부·울·경 확산 지속,0
"[2021 JOY트레킹] 오은선 대장 ""자연 앞 겸손해져, 생활 속 자연 보호 실천""",0
"[2021 JOY트레킹] 변기태 한국산악회 회장 ""우이동, 韓 상징하는 산악 코스되길""",0
"충북교육청, 10일(토) 올해 첫 번째 검정고시 시행",0
"최장수 걸그룹 전원주, 김현영, 김혜영 반품원정대 팀결성",0
"[2021 JOY트레킹] 박겸수 강북구청장 ""북한산 민족정신, 코로나 이기는 힘""",0
"[2021 JOY트레킹] 박동석 조이뉴스24 사장 ""북한산은 최고의 선물, 스트레스 풀길""",0
배달의 명수 상생 앱(App) 매출액 100억 돌파 임박,0
[포토]환영사 하는 박겸수 강북구청장,0
[포토]'2021 Spring 희망찾기 등산·트레킹 교실' 개회식,0
"고양시 기업 2분기 전망 BSI는 84P...""바닥치고 경기회복하는 신호?""",0
[포토]'2021 Spring 희망찾기 등산·트레킹 교실' 화이팅!,0
"[포토]희망찾기 등산·트레킹 교실, 개회사 하는 박동석 조이뉴스24 사장",0
[주요 경제 일정_4월 셋째주] 한은 기준금리 결정·3월 고용동향 등,0
"세종시 코로나, 4명 양성… 3명은 자가격리 중 확진",0
"신규확진 677명, 이틀째 600명대 후반…'4차 유행' 본격화",0
"[스포츠타임]올 시즌 마지막 엘클라시코, 이겨야 라리가 우승이 보인다",0
코로나19 신규 확진 677명…이틀 연속 600명대,0
"사유리 “‘슈돌’ 출연 기쁘고 감사, 싱글맘은 불쌍하거나 창피한 것 아냐”(사유리TV)[종합]",0
"뉴욕증시, 다우·S&P 최고 마감...국제유가, 코로나19 재확산에 하락",0
봄 날씨에 공원 찾는 시민들…서울시 단속 강화,0
[전문] 군포시청 10일 721~726번째 확진자 6명 발생 공개,0
[전문] 하남시청 10일 548~554번째 확진자 7명 발생 공개,0
증오범죄 판치는데 캘리포니아 차량의 이 번호판 괜찮은 걸까,0
"문대통령, 다음주 방역·경제 긴급 점검회의 주재",0
코로나19 신규 확진자 677명…이틀째 600명대,0
생활치료센터 찾은 오세훈 시장,0
격리 입소자 제공 물품 점검하는 오세훈 시장,0
오세훈 시장의 코로나19 행보,0
식음료 점검하는 오세훈 시장,0
서울유스호스텔 생활치료센터 찾은 오세훈,0
격리 입소자 물품 점검하는 오세훈 시장,0
경리 확진자 물품 살펴보는 오세훈 시장,0
제주 코로나19 확진자 9일만 7명 확인,0
'코로나19 신규 확진자 나흘 연속 600~700명대',0
'코로나19 신규 확진자 나흘 연속 600~700명대',0
'코로나19 신규 확진자 나흘 연속 600~700명대',0
'검사는 계속',0
'코로나19 신규 확진자 나흘 연속 600~700명대',0
'코로나19 검사는 계속',0
'코로나19 신규 확진자 나흘 연속 600~700명대',0
'코로나19 검사는 계속',0
'코로나19 신규 확진자 나흘 연속 600~700명대',0
"[Ma 인터뷰] 김중연 ""김중연구소는 제2의 매니지먼트…늘 감사한 마음""",0
'코로나19 검사는 계속',0
제주 코로나바이러스 7명 발생…확진자 경남 창원 방문,0
생활치료센터 찾은 오세훈 시장,0
생활치료센터 직원 격려하는 오세훈 시장,0
생활치료센터 현황 보고 받는 오세훈 시장,0
"오세훈 시장, 생활치료센터 의료진 격려",0
생활치료센터 현황 보고 받는 오세훈 시장,0
코로나19 생활치료센터 찾은 오세훈,0
생활치료센터 찾은 오세훈 시장,0
오세훈 서울시장 '코로나19 행보',0
생활치료센터 의료진과 대화하는 오세훈 시장,0
생활치료센터 운영현황 보고 받는 오세훈 시장,0
생활치료센터 현황 보고 받는 오세훈 시장,0
한은 기준금리 동결 유력...3월 가계대출은 14일 공개,0
코로나19 생활치료센터 찾은 오세훈,0
생활치료센터 직원들과 인사 나누는 오세훈 시장,0
생활치료센터 운영 현황 보고받는 오세훈 서울시장,0
생활치료센터 운영 현황 보고받는 오세훈 서울시장,0
생활치료센터 의료진 업무 관련 질문하는 오세훈 서울시장,0
남산 생활치료센터 찾은 오세훈 서울시장,0
의료진 격려하는 오세훈 서울시장,0
생활치료센터 운영 현황 보고받는 오세훈 서울시장,0
생활치료센터 운영 현황 보고받는 오세훈 서울시장,0
현장 의료진과 대화 나누는 오세훈 시장,0
오세훈 '고생이 많으십니다',0
생활치료센터 현황 보고받는 오세훈 서울시장,0
생활치료센터 운영지원 직원들 격려하는 오세훈 서울시장,0
생활치료센터 의료진 업무 설명 듣는 오세훈 시장,0
"농협, 농번기 맞아 전사적 일손돕기 분주",0
봄나들이에 공항 '인산인해'...제주행 대부분 매진,0
400만원이면 아파트 한채 산다고요? [부릿지],0
"이틀 연속 6백 명대 후반...""12월 초와 유사한 상황""",0
제주 코로나19 확진자 7명 발생...3개월 만에 '최다',0
"[‘코로나19’ 통합뉴스룸 LIVE] 신규 확진 677명…누적 108,945명",0
휴식 취하는 의료진,0
"민주당이 범한 3가지 오류, 진지한 혁신에 앞장서겠습니다",0
아베도 스가도 '올림픽 참 안 풀리네',0
코로나 677명 신규확진… 이틀째 600명대 후반,0
코로나 677명 신규확진… 이틀째 600명대 후반,0
충주시자원봉사센터 2021 온라인 자원봉사 기본교육 진행,0
서울 신규 확진자 201명…사흘 연속 200명대,0
휴식 취하는 의료진,0
코로나19 생활치료센터에서 제공되는 도시락 살펴보는 오세훈 시장,0
코로나19 신규확진 677명… 나흘 연속 600명대,0
코로나19 신규확진 677명… 나흘 연속 600명대,0
코로나 신규확진 677명…나흘 연속 600명 넘겨,0
코로나19 신규확진 677명… 나흘 연속 600명대,0
코로나 신규확진 677명…나흘 연속 600명 넘겨,0
"[SPO 잠실] 류지현 감독 ""함덕주, 계속 선발로 나가야 한다""",0
의료진 격려하는 오세훈 시장,0
임시선별검사소 살피는 오세훈 시장,0
의료진 격려하는 오세훈 서울시장,0
의료진 격려하는 오세훈 시장,0
굳은 표정으로 코로나19 상황 보고 받는 오세훈 시장,0
임시선별검사소 의료진 격려하는 오세훈 시장,0
임시선별검사소 바라보는 오세훈 시장,0
"세븐틴, 日 싱글 앨범 'ひとりじゃない' 하이라이트 메들리 공개",0
오세훈 시장 '코로나 행보',0
임시선별검사소 현황 보고 받는 오세훈 시장,0
서울역 임시선별검사소 찾은 오세훈 시장,0
서울역 임시선별검사소 찾은 오세훈 시장,0
코로나19 상황 보고 받는 오세훈 시장,0
[포토뉴스] 주말에도 줄선 임시선별검사소,0
중구 코로나19 현황 보고받는 오세훈 서울시장,0
서울역에 마련된 임시선별검사소 찾은 오세훈 서울시장,0
코로나19 현황 보고받는 오세훈 서울시장,0
중구 코로나19 현황 보고받는 오세훈 서울시장,0
서울역에 마련된 임시선별검사소 찾은 오세훈 서울시장,0
서울역에 마련된 임시선별검사소 찾은 오세훈 서울시장,0
서울역 임시선별검사소 현황 살피는 오세훈 서울시장,0
의료진과 대화하는 오세훈 서울시장,0
중구 코로나19 현황 보고받는 오세훈 서울시장,0
"문 대통령, 다음주 코로나특별점검·확대경장 긴급소집",0
"기장군, 코로나19 신규 확진자 1명 발생···기장 92번째",0
대전서 확진자 4명 추가 발생...고교발 등 n차 감염 지속,0
[속보] 서울시청 10일 0시 기준 서울시 코로나19 신규 확진자 201명 발생 알려,0
"문 대통령, 다음 주 특별방역회의·경제장관회의 긴급 소집",0
文대통령 12일 특별방역 전략 점검…15일 확대경제장관 회의 소집,0
"[속보] 文 대통령, 12일 코로나 방역 전략 회의 긴급 소집",0
"문 대통령, 내주 긴급회의 연달아 소집...“코로나·경제 직접 챙긴다”",0
"화성시, 코로나19 소상공인 긴급 생활안정자금 신청접수",0
"[때껄룩산업]'중국공략' 한국타이어, 안방은 내줬네?",0
코로나19 백신 1차 접종 114만 8060명…인구대비 2.2%,0
"인도네시아 찌아찌아족, 한글에 태권도 교육까지…""차렷, 경례""",0
나흘 연속 6백 명대…지난해 12월과 유사한 상황,0
[속보] 청주시청 10일 838~844번째 확진자 7명 발생 알려,0
[전문] 미추홀구청 649~653번째 확진자 5명 발생 공개,0
"백신 이상 반응 신고 131건·사망 신고 2명...""인과성 미확인""",0
"경기 202명 신규 확진, 사흘째 200명대...경로 불명 26%",0
류현진은 괜찮겠지? 토론토 라이언 보루키 백신 부작용으로 IL행,0
"코로나19 백신 1차접종자 총 114만8천60명…접종률 2.21%, 일본의 3배",0
[전문] 제주도 10일 0시 기준 코로나19 확진자 7명 발생 공개,0
코로나 백신 이상반응 131건 추가…사망 신고 누적 44명,0
‘쩐당포’ 김창옥 “딸·쌍둥이 아들한테 현금+건물 안 물려줄 것”[결정적장면],0
"순천시, 하룻새 확진자 8명 추가 발생..3명 감염경로 불분명",0
[시]배창환 시인의 '구두 한 켤레',0
"[코로나19] 잇단 감염, 거리두기 준2단계 격상…청주 844번째",0
코로나19 백신 1차 접종 114만명 넘어…사망 신고 2건,0
백신 이상반응 131건 늘어…사망신고도 2명 추가,0
"문재인 대통령, 재보선 패배 후 방역·민생 행보 재개",0
[전문] 용인시청 2225~2242번째 확진자 18명 발생 공개,0
“기가 막힌다” 중환자인 아버지가 산소 호흡기 달고 은행 방문해야 했던 이유 (영상),0
서울 201명 신규 확진…사흘째 200명대,0
한은 기준금리 동결 유력…증시 주가 영향은?,0
"장석웅 전남교육감, 직무수행지지도 23개월 연속 1위",0
"충북도, 상담우수 ‘마을세무사’ 3명 도지사 표창",0
"광주소방-KIA구단, 심정지환자 소생 교육 운영",0
"진천군, 제57회 도서관주간을 맞아 독서문화행사 운영",0
"의성군, 소상공인 카드수수료 지원사업 시행",0
"김태성 해병대 사령관 내정자, 포항시 명예시민 됐다",0
"[자막뉴스] ""문제 일으키면 사살"" 코로나보다 무서운 살벌한 제재",0
포항시 인재육성 장학금 줄이어,0
"포항시, 코로나19 현 사회적 거리두기 1.5단계 3주간 연장",0
"취임 100일 맞는 이준경 음성부군수, 소통으로 능동적 조직 견인",0
"충북경제자유구역청, 봄맞이 주변 환경정비활동",0
"제천시, 지역형 복지 만들기 (재)제천복지재단 발족",0
"영양군, 개별공시지가 궁금증 전문가와 상담하세요!",0
"포항시, ‘코로나19 일일확진자 현황’ 재난문자 재개",0
제3회 혁신 웨비나 컨퍼런스 대구에서 개최,0
"울릉군, 코로나19와 맞써 싸우는 ""대구.경북 의료진 울릉 풋산채 전달""",0
"영주시, “2022년 국비확보 박형수 국회의원과 공조”",0
"충북대, 한국발명진흥회와 업무협약 체결",0
"주낙영 경주시장, 영농현장 방문해 애로사항 청취",0
"여수시, 코로나19 극복 영농지원 바우처 100만 원 지원",0
"칠곡군, ‘군민의 날 기념행사’ 취소",0
[週刊流通]'요기요' 사실 분 요기요,0
"코로나19, 4차 유행 본격화..대구·경북 25명 발생",0
"옥천교육지원청, 학생참여위원회 발대식 진행",0
"대구보건대 인당뮤지엄, 문체부 박물관 지원사업 5개부문 선정",0
"광양제철소, 5개 신규 재능봉사단 발족..다양한 분야서 맹활약",0
"칠곡군, ‘군민의 날 기념행사’ 취소",0
"광주시, 시민과 함께 제석산 생태 복원한다",0
카리브해 섬 '화산 폭발'… 주민 1만 6000명 대피,0
"광주시-자치구-시민, 지역발전 머리 맞댄다",0
"식품업계, 앞 다퉈 '밀키트' 출시…여전히 블루오션?",0
"[제약 바이오 이모저모] 에스티팜, mRNA 백신 개발 준비 완료",0
백신 1차접종 114만명 넘어…2차접종은 6만명 육박,0
"백신 이상반응 131건↑…사망신고 2명 추가, 인과성은 미확인",0
"백신 1차접종 3만3404명↑, 누적 114만8060명… 인구대비 2.21%",0
백신 1차접종 3만3천404명↑ 총 114만8천60명…인구대비 2.21%,0
전남도. 푸드플랜 패키지 지원사업에 순천시 선정,0
"전남도, 봄맞이 수산물 차량 승차구매 행사",0
"전남도, 유흥시설 등 강화 방역수칙 정착 온힘",0
"전남도, 순천 지역감염 지속…대유행 차단 총력",0
"전남도, 사회적 거리두기 1.5단계 3주 연장",0
‘채움․비움’ 완도 풍경 그림으로 힐링하세요,0
"‘쩐당포’ 김창옥 “매달 500만원 보험비, 코로나 해지로 40% 손해”",0
언론은 야당 편이었다? [언론비평],0
코로나 백신 이상반응 131건 늘어…사망신고 2명 추가,0
[전문] 성남시청 코로나19 추가 확진자 7명 발생...전일대비 24명 증가,0
"한은, 내주 기준금리 결정… '동결' 유력",0
"심상찮은 코로나…文대통령, 내주 ‘긴급’ 방역회의·경제회의 소집",0
코로나19 백신 이상반응 신고 131건 늘어…누적 1만1599건,0
부산·경남 확산세 심각...유흥업소·고위험시설 연쇄 감염 지속,0
"대구 밤새 5명 추가, 한자릿수로 '뚝'...달서구 소재 학교 연관 누적 6명",0
주한미군 “코로나19 백신 접종률 47%”,0
미국 일부 주서 얀센 코로나 백신 부작용 이유로 접종 중단,0
[속보] 안동시 예안면 안동식당 방문자 검사 요청,0
[속보] 함안군청 10일 10시 기준 코로나19 확진자 2명 발생,0
"‘쩐당포’ 김창옥 “코로나로 수입 90% ↓ 대출받아, 속옷 장사 고려 중”",0
[전문] 익산시청 10일 269~273번째 확진자 발생 공개,0
[속보] 창원시청 10일 0시 기준 코로나19 확진자 11명 발생 알려,0
"[뉴스초점] 코로나19 신규 확진 677명…""1∼2주내 '더블링' 위험""",0
"미국 콜로라도 등 4개주, J&J 코로나 백신 접종 중단",0
"[전세계 코로나19 현황] 다시 늘어난 코로나 신규 감염 미국, 8천명 육박·브라질, 9천명 육박·일본, 3천명 훌쩍 넘겨",0
"군, 코로나19 확진자 2명 늘어…누적 673명",0
[속보] 연수구청 714~715번째 확진자 발생 알려,0
"코로나 신규 확진자 677명···4차 유행 시작, 양성률 1.42%",0
"충남도, 더불어민주당과 당정협의회 개최",0
4차유행 본격화…이틀째 600명대 후반,0
[속보] 경산시청 10일 0시 기준 코로나19 확진자 23명 발생 알려,0
[속보] 증평군청 80~82번째 확진자 발생 알려,0
카리브해 세인트빈센트섬서 화산 폭발…1만6천명 대피,0
[전문] 대구시청 10일 0시 기준 코로나19 확진자 5명 발생 공개,0
"주한미군 ""백신 접종률 47% 넘어""…접종 개시 4개월만",0
김주하 AI 앵커와 함께하는 이 시각 주요뉴스 - 4월 10일 오전 10시 30분,0
[전문] 고양시청 10일 2494~2497번째 확진자 발생 공개,0
[속보] 당진시 읍내동 당진제일장로교회 방문자 검사 요청,0
"신규확진 677명, 4차유행에 거리두기 연장…인천 24명·경기 199명",0
"카리브해 섬 화산 폭발…""추가 폭발 있을 것""",0
[속보] 서울시 은평구 응암동 고향역식당 방문자 검사 요청,0
[전문] 수원시청 10일 1943~1960번째 확진자 18명 발생 공개,0
[속보] 전주시청 10일 오전 10시 기준 코로나19 확진자 5명 발생 알려,0
"코로나 신규확진 677명, 나흘연속 600명 웃돌아",0
WHO “코로나 백신 북한 공급 5월 이전 어려워”,0
"'AZ 코로나19 백신 이익' WHO 사무총장 ""매우 드문 부작용 위험성 능가""",0
'엘리자베스 2세 여왕 남편' 영국 필립공 별세에 전세계 애도…장례식은 왕실장으로,0
"장성군, 농기계종합교육장 운영",0
수도권 임시 검사소 117명 확진...국내 발생의 17.7%,0
"신규확진 677명, 나흘째 600~700명대…4차유행 우려",0
"포항교육지원청,초·중학교 교무부장 '포항 학교지원센터 운영 협의회 ' 개최",0
"영양군, 코로나19 확진자 경북도내 23시군에서 가장 안전",0
[속보] 강원도청 10일 0시 기준 코로나19 확진자 6명 발생 알려,0
[속보] 세종시청 10일 0시 기준 코로나19 확진자 4명 발생 알려,0
‘아스나위’ 활용 고민 김길식 “루마니아 시절 자주 떠오른다” [이근승의 킥앤러시],0
‘인종차별·성희롱 논란’ 샘오취리 근황 “안좋은 상황 있었지만 일하고 싶어”(종합),0
[속보] 포항시 대도동 유가네명품돼지갈비 방문자 검사 요청,0
신규확진 677명...자매교회 순회모임 누적 210명,0
"아산시, 봄철 산불 예방 홍보 총력",0
이틀째 600명대 후반 '신규확진 677명'…거리두기 연장,0
초록 지구에서 살고 싶다,0
경남 추가 확진자 10명…전국 677명,0
서울 코로나19 신규확진자 201명 발생…사흘째 200명대,0
“외모·국적 상관없이 사람을 사람으로 봤으면 좋겠어요”,0
"이틀 연속 6백 명대 후반...""12월 초와 유사한 상황""",0
[영상] 임영웅-양지은-이승윤 1열 감상 물거품… 콘서트 무기한 연기,0
몰려든 나들이객에 공항 '인산인해'...오전 제주행 대부분 매진,0
코로나19 신규 확진자 677명…4일 연속 600명대,0
만두 팔아 얼마 버냐고? 하반기 주가반등 기대되는 CJ제일제당,0
"경북 확진자, 경산 교회 발 집단 감염 13명 등 26명 증가",0
만두 팔아 얼마 버냐고? 하반기 주가반등 기대되는 CJ제일제당,0
[주요 신문 사설](10일 조간),0
희망의 불을 밝히다…판타지로 되살아난 궁중 잔치,0
코로나19 확진 677명 늘어…누적 10만 8945명,0
신규 1차 접종자 3만 3천여 명↑…이상반응 의심 신고 131건 늘어,0
[코로나19] 신규 확진 677명…이틀째 600명대 후반(종합),0
코로나19 신규확진자 677명…4차유행에 사회적 거리두기 연장,0
"[코로나19 발생현황] 신규 확진자 677명, 누적 10만8945명… 양성률 1.42%",0
'북핵' 둘러싼 치열한 외교전…4월 한반도 정세는?,0
"경북도, '코로나19' 신규확진 26명... 누적확진 총 3672명",0
"대구광역시–경상북도-DGB대구은행, '지역 관광·금융 활성화' 협약식 개최",0
"대구과학대, '실습교육과정 우수업체' 선정및 현판 수여",0
"백신 접종 이상반응 131건 추가 신고, 사망사례 2건",0
"대구보건대, 대학 원격교육지원센터 전문대학 협의체 발대식 개최",0
"정부 ""코로나19 신규 확산 추세, 지난 3차 유행과 유사""",0
코로나19 신규 확진자 677명…이틀째 600명대 후반,0
익산 코로나19 확진자 5명 추가…전북 거리두기 1.5단계 유지,0
"아산시, 코로나19 자원봉사자 활약 돋보여",0
영국 엘리자베스 2세 여왕 남편 필립공 99세로 별세,0
"[인터뷰] '더 픽션' 정동화 ""그래도 희망이 있다고 느꼈으면""",0
"[인터뷰] '더 픽션' 정동화 ""그래도 희망이 있다고 느꼈으면""",0
"세븐틴, 日 '히토리쟈나이' 하이라이트 메들리 공개…음원 일부 공개",0
"미국 코로나19 신규확진자, 8만명 육박…보름만에 최다",0
"국산 2호 코로나19 치료제 '안갯속'…GC녹십자, 이달 중 혈장치료제 허가신청",0
코로나19·친환경차 확산에 전국 주유소 184곳 폐업,0
"[그래픽] 코로나 신규확진 677명, 나흘째 600~700명",0
"코로나, 어제 677명 '이틀째 600명대'…'4차 유행' 본격화 되나",0
"취소했던 다이빙 올림픽 예선, 5월 개최…오픈워터는 포르투갈서",0
'복지 대폭·국방 찔끔' 바이든표 첫 예산안…진통 예고,0
"[3보] 신규확진 677명, 이틀째 600명대 후반…4차유행에 거리두기 연장",0
"유병재 X 직구삼 CF, 중독성 강한 CM송 선봬",0
국내 코로나19 신규 확진자 677명…이틀째 600명대 후반,0
[속보] 방대본 “코로나19 신규확진자 677명”…이틀째 600명대 후반,0
[속보] 코로나19로 어제 1명 사망…총 1765명,0
신규 확진 677명…4차 유행에 거리두기 3주 연장,0
"신규 환자 677명...""3차 유행 본격화 시기와 비슷""",0
"용인시의회 김기준 의장·김상수 부의장, 코로나19 예방접종센터 방문",0
코로나19 신규 확진 677명…이틀째 600명대 후반,0
‘4·7 재보궐선거 후폭풍 수습하라’…LH 개혁 박차,0
4월9일 이브닝뉴스 헤드라인,0
"중대본 ""코로나19 신규확진자 677명…작년 12월 초와 유사""",0
[전문] 정읍시청 52번째 확진자 발생 공개,0
"'조씨고아, 복수의 씨앗' 재개막",0
[속보] 울산시청 10일 0시 기준 코로나19 확진자 25명 발생 알려,0
'영국 여왕의 남편' 필립공 별세…73년 외조끝 향년 99세,0
"[단독] '고난의 행군' 선언한 북한, 남한에 '모내기 물품' 지원 요청",0
"대한항공, 회사채 3500억 확대 발행...수요예측 통해 1500억원 증액",0
"중대본 ""10일 신규 확진자 600명대 후반… 감염 재상산 지수 1.11""",0
"세븐틴, 美 이어 日 접수할까 ‘히토리쟈나이’ 하이라이트 메들리 공개",0
"세종시교육청, 세월호 참사 7주기 맞아 추모주간 지정·운영",0
경북 75세 이상 고령층 화이자 접종률 1.6%...노인시설 15.0%,0
4월 10일 시대도 정치도 ‘830세대’를... [오늘은 이런 경향],0
"음성署, 신임경찰관 졸업...""초심 유지, 신뢰받는 경찰 되어달라""",0
"진천교육도서관, '도서관주간'...다양한 문화행사 펼쳐",0
"진천 삼수초, 교직원 연수...'원격수업' 역량 강화",0
"[단독] 팬오션 직원, 교대요구 해기사에 ""징징짜는 놈"" [김기자의 토요일]",0
"천안시, 유흥시설 방역수칙 이행 여부 집중 점검",0
“오늘도 6백 명대 후반…3차 유행 본격화한 12월 초와 유사”,0
코로나19 자가진단키트 도입 논의…미코바이오메드 항체 방식·EDGC 항원 방식 개발 중,0
"[뉴욕증시 마감] ""인플레이션 우려 과도했다?"" 논란 속 다우·S&P 사상 최고치 경신",0
"[코로나19]오늘도 600명대 후반... 중대본 ""3차유행 본격화때와 비슷""",0
[속보] 인천 남동구 만수동 김밥브라더스 방문자 검사 요청,0
"[속보] 순천시청 확진자 3명 발생과 동선공개...명광교회, 옛날팥죽, 노지언헤어샵",0
"세종시의회, 보건소와 보건환경연구원 직원 격려 방문",0
"최영조 경산시장, 대시민 호소문 발표",0
"김천시, 미세먼지'좋음', Happy Day",0
오늘 신규확진자 700명 안팎…유증상자 검사·실내 마스크 의무화,0
"[속보] 대전 코로나19, 확진자 4명(#1520~#1523) 추가 발생",0
[속보] 파주시청 911번째 확진자 발생 알려,0
"남양주시, '비즈니스 스웨덴'과 함께 도시 개발 워크숍 열어",0
"""일손 부족 농가·도시구직자 연결해드려요""",0
딜링룸 24시…챙겨봐야할 국제경제뉴스,0
"세종충남대학교병원, 코로나19 환자들에게 간식 전달",0
"‘끝나지 않는 코로나’…여행업계, 국내 상품으로 활로 모색",0
美 일부 주서 코로나 백신 J&J 부작용 이유로 접종 중단,0
[문화+]윤여정 美배우조합 여우조연상外,0
[영화리뷰]'낙원의 밤' 우아하고 잔혹한 핏빛 클리셰,0
"[영상] 고스트나인의 남다른 팬 사랑 ""컴백 후 가장 하고 싶은 것은 고스티 보는 것""",0
[뉴욕전망]돈이 넘치는 주식시장…과열신호 주의보?,0
"삼성전자, 폰 이어 태블릿도 접을까…'갤럭시폴드탭' 특허 승인",0
"삼성전자, 폰 이어 태블릿도 접을까…'갤럭시폴드탭' 특허 승인",0
4월 10일 MBN 뉴스와이드 주요뉴스,0
"‘자산어보’, 2일 연속 박스오피스 1위..2위 ‘노바디’-3위 ‘귀멸의 칼날’",0
"충남도, 코로나19 확진자 4명(#2760~#2762) 추가 발생",0
[종합] 경산·포항·구미서 26명 추가 확진...경산 보육시설·교회 22명,0
농협은행이 인터넷전문은행을 만든다면?,0
"4월 9일 지상파 시청률, 이소연X최여진 ‘미스 몬테크리스토’ 1위",0
"울산 동구, 울산과학대서 영어광장 운영",0
우리은행발 탈(脫)공항 움직임…고객 불편 안중 없나?,0
"류덕환, 8년 열애 전수린과 4월17일 결혼…축가는 이선빈[종합]",0
"케이블채널에서 아주 돋보이는 ""윤경화의 쇼 가요중심"" 프로 제작자 정우혁 회장은?",0
아미스페이의 소상공인 가맹점에 `크립토끼` 결제를 위한 연동개발완료,0
"[이통3사 탈통신 ①] SKT, ""통신 + 투자회사"" 선언 후 주가 52주 신고가 연일 경신",0
"거리두기 3주 연장, 유흥시설 집합금지...“특단의 대책” 준비",0
[고무열 박사의 선구안] 코로나19 이후의 경제 전망과 방안,0
"""하루 코로나19 확진 600명""…다시 3차 유행 본격화 수준까지",0
"[강방천과 만나다]② 2차 동학개미운동, 잠자는 퇴직연금 깨워야",0
[강방천과 만나다]① 30년의 의심…대박 안겨준 좋은 기업 동행 나침판,0
주유소 184곳 폐업…코로나·친환경차 확산 여파,0
[위클리 코인]이어진 `월가 러브콜`…급등락도 줄었다,0
[이로운 BOOK촌] 오늘의 경험이 내일의 백신…'보이지 않는 침입자들의 세계',0
"유럽, 코로나 위기서 취약계층 지원 어떻게 했나",0
[뉴스1 주간 핫포토]'재보궐 참패' 민주당…정치권 개편 시작되나,0
"[부동산백서]부동산 규제 피한 '레지던스' 생숙, 인기 계속 될까?",0
[팩트체크] 백신 순서 왔는데 안맞고 확진시 치료비 자가부담?,0
[JOB인터뷰] 김정태 회장 미소짓게 한 박폴 하나금융 스포츠마케팅 팀장,0
백악관 12일 반도체 화상 회의에 삼성전자 등 19개사 참석,0
"""4차 유행 초기 양상""...2단계 지역 유흥시설 영업금지",0
[주말 거리에서는]'4차 대유행' 시작되나…이번 주말 '촉각',0
"LA카운티 학부모 단체, LA통합교육구 상대로 소송 제기",0
"5만~6만명이던 미 코로나 신규확진, 8만명 육박…보름만에 최다",0
"[이기자의 츄라이] '비건'이 뉴 트렌드?...농심·풀무원·삼양, 라면 승자는",0
포스트 코로나 대안 모색 'Go! Inside',0
혐오범죄로 미국 LA 일본사찰 피해,0
"'인종차별 논란' 샘 오취리 근황 ""안 좋은 상황 있었다, 일하고 싶어"" (오취리삶)[종합]",0
중앙경찰학교 신임경찰 제303기 졸업식 성료,0
"""안녕하세요! 로마까지 오시느라 고생 많으셨습니다""",0
"화이자, 美 FDA에 12~15세 코로나19 백신 긴급사용 승인 신청",0
'쿠팡 vs 아마존' 어떤 주식을 담을까?,0
"아웃도어街, 봄 시장 등산화로 '승부수'...MZ세대 잡아라",0
"대구동부교육지원청, 상반기 학교급식 위생ㆍ안전점검 실시",0
"광주 동구, ""코로나19 확산될라…"" 방역고삐 바짝",0
"포항시, 사회적 거리두기 1.5단계 3주간 유지",0
"정읍시, 서울 강동구와 자매결연도시 협약'체결'",0
"대구서부교육지원청, 서부드림스쿨 시작...개강식은 생략! 수업은 열정적으로",0
"BTJ열방센터, 코로나19 방역수칙 위반 등 관련 사과문 발표",0
"대구시교육청, 초, 중, 고 영재학급 영재교육대상자 선발 전형 실시",0
"경북교육청, '교육복지우선지원사업' 연수회 개최",0
"이강덕 포항시장, 김태성 해병대 사령관 내정자에게 명예시민증 수여",0
대구과학ㆍ문예창작영재교육원 개강식 개최,0
